

INSERT INTO users (first_name, last_name, login, password, role)
VALUES
    ('Иван', 'Иванов', 'ivan_ivanov', 'password123', 'speaker'),
    ('Петр', 'Петров', 'petr_petrov', 'qwerty456', 'speaker'),
    ('Мария', 'Сидорова', 'maria_sidorova', 'abc123def', 'speaker'),
    ('Алексей', 'Кузнецов', 'alexey_kuznetsov', 'pass1word', 'speaker'),
    ('Екатерина', 'Смирнова', 'ekaterina_smirnova', 'qwer1234', 'speaker'),
    ('Дмитрий', 'Попов', 'dmitriy_popov', 'pass_word123', 'speaker'),
    ('Анна', 'Соколова', 'anna_sokolova', 'qwerty12345', 'speaker'),
    ('Сергей', 'Лебедев', 'sergey_lebedev', 'password12', 'speaker'),
    ('Ольга', 'Орлова', 'olga_orlova', 'qwer12345', 'speaker'),
    ('Максим', 'Волков', 'maksim_volkov', 'pass_word12', 'speaker');


INSERT INTO talks (id, name, description)
VALUES
    (1, 'Мachine Learning для начинающих', 'Введение в машинное обучение, основные алгоритмы и приложения'),
    (2, 'Разработка на языке Python', 'Основы языка Python, синтаксис, типы данных, функции и модули'),
    (3, 'Безопасность в Интернете', 'Основные угрозы безопасности в Интернете, меры предосторожности и защита данных'),
    (4, 'Веб-разработка на языке JavaScript', 'Основы языка JavaScript, создание интерактивных веб-страниц, использование библиотеки jQuery'),
    (5, 'Базы данных и SQL', 'Введение в базы данных, язык SQL, создание и управление базами данных'),
    (6, 'Кибербезопасность в современном мире', 'Угрозы кибербезопасности, меры предосторожности, защита от атак и утечек данных'),
    (7, 'Разработка мобильных приложений на языке Java', 'Основы языка Java, создание мобильных приложений для Android и iOS'),
    (8, 'Искусственный интеллект в бизнесе', 'Применение искусственного интеллекта в бизнесе, автоматизация процессов и аналитика данных'),
    (9, 'Веб-дизайн и пользовательский интерфейс', 'Основы веб-дизайна, создание пользовательского интерфейса, принципы UX/UI'),
    (10, 'Программирование на языке C++', 'Основы языка C++, синтаксис, типы данных, функции и объектно-ориентированное программирование');


INSERT INTO rooms (id, number)
VALUES
    (1, '101'),
    (2, '102'),
    (3, '103'),
    (4, '104'),
    (5, '105'),
    (6, '106'),
    (7, '107'),
    (8, '108'),
    (9, '109'),
    (10, '110');


INSERT INTO Schedule (id, date, end_time, start_time, room_id, talk_id)
VALUES
    (1, '2024-05-15', '10:00', '09:00', 1, 1),
    (2, '2024-05-15', '11:00', '10:00', 2, 2),
    (3, '2024-05-15', '12:00', '11:00', 3, 3),
    (4, '2024-05-15', '13:00', '12:00', 1, 4),
    (5, '2024-05-15', '14:00', '13:00', 2, 5),
    (6, '2024-05-16', '10:00', '09:00', 3, 6),
    (7, '2024-05-16', '11:00', '10:00', 1, 7),
    (8, '2024-05-16', '12:00', '11:00', 2, 8),
    (9, '2024-05-16', '13:00', '12:00', 3, 9),
    (10, '2024-05-16', '14:00', '13:00', 1, 10);

INSERT INTO users_talks (talks_id, users_id)
VALUES
    (1, 1),
    (1, 2),
    (2, 3),
    (2, 4),
    (3, 5),
    (3, 6),
    (4, 7),
    (4, 8),
    (5, 9),
    (5, 10),
    (6, 1),
    (6, 3),
    (7, 5),
    (7, 7),
    (8, 9),
    (8, 2),
    (9, 4),
    (9, 6),
    (10, 8),
    (10, 10);
